year_reported;international_cooperation;scientific_area_npi;scientific_field_npi;publication_points
2017;Ja;Humaniora;Tysk og nederlandsk;2,219238816
2017;Ja;Humaniora;Tverrfaglig humanistisk forskning;48,845583287
2017;Ja;Humaniora;Teologi og religionsvitenskap;172,116932422
2017;Ja;Humaniora;Slavisk-baltisk;17,407883415
2017;Ja;Humaniora;Romansk;4,090143681
2017;Ja;Humaniora;Nordisk;9,315738997
2017;Ja;Humaniora;Musikkvitenskap;23,519295736
2017;Ja;Humaniora;Medier og kommunikasjon;225,367660791
2017;Ja;Humaniora;Litteraturvitenskap;16,756277759
2017;Ja;Humaniora;Lingvistikk;269,369560894
2017;Ja;Humaniora;Kunsthistorie;23,143863615
2017;Ja;Humaniora;Kulturvitenskap;14,846124804
2017;Ja;Humaniora;Historie;34,898144558
2017;Ja;Humaniora;Gresk og latin;6,754998150
2017;Ja;Humaniora;Filosofi og idéhistorie;147,185070170
2017;Ja;Humaniora;Engelsk;39,839390275
2017;Ja;Humaniora;Dans;2,251666050
2017;Ja;Humaniora;Asiatiske og afrikanske studier;34,305685890
2017;Ja;Humaniora;Arkitektur og design;66,339571144
2017;Ja;Humaniora;Arkeologi og konservering;119,358472729
2017;Ja;Medisin og helsefag;Øyesykdommer;131,181484522
2017;Ja;Medisin og helsefag;Øre-nese-hals;43,390398788
2017;Ja;Medisin og helsefag;Veterinærmedisin;161,767621811
2017;Ja;Medisin og helsefag;Sykepleie;413,233677396
2017;Ja;Medisin og helsefag;Samfunnsmedisin;2454,582997212
2017;Ja;Medisin og helsefag;Revmatologi;695,356631609
2017;Ja;Medisin og helsefag;Radiologi og billeddiagnostikk;279,650356036
2017;Ja;Medisin og helsefag;Psykologi;1306,243189389
2017;Ja;Medisin og helsefag;Psykiatri;922,980285791
2017;Ja;Medisin og helsefag;Pediatri;336,749498238
2017;Ja;Medisin og helsefag;Onkologi;1392,592971779
2017;Ja;Medisin og helsefag;Odontologi;197,274857950
2017;Ja;Medisin og helsefag;Nevrologi;1154,218836057
2017;Ja;Medisin og helsefag;Nefrologi;97,724366127
2017;Ja;Medisin og helsefag;Kirurgiske fag;689,462962819
2017;Ja;Medisin og helsefag;Infeksjoner;256,361299741
2017;Ja;Medisin og helsefag;Idrettsforskning;588,217509473
2017;Ja;Medisin og helsefag;Hjerte, kar og luftveier;1472,297121114
2017;Ja;Medisin og helsefag;Hematologi;254,176020198
2017;Ja;Medisin og helsefag;Gynekologi og obstetrikk;497,862285427
2017;Ja;Medisin og helsefag;Geriatri;112,086943118
2017;Ja;Medisin og helsefag;Generell medisin;1197,902338883
2017;Ja;Medisin og helsefag;Gastroenterologi og hepatologi;479,720134376
2017;Ja;Medisin og helsefag;Farmasi, farmakologi og toksikologi;694,399958188
2017;Ja;Medisin og helsefag;Ernæring;293,496264012
2017;Ja;Medisin og helsefag;Endokrinologi;465,723191332
2017;Ja;Medisin og helsefag;Dermatologi og venerologi;94,409886604
2017;Ja;Medisin og helsefag;Biomedisin;2593,075174156
2017;Ja;Medisin og helsefag;Anestesi, intensiv, akutt;228,153377139
2017;Ja;Realfag og teknologi;Tverrfaglig teknologi;346,447651974
2017;Ja;Realfag og teknologi;Tverrfaglig naturvitenskap og medisin;2677,170794695
2017;Ja;Realfag og teknologi;Miljøteknologi og industriell økologi;607,204082707
2017;Ja;Realfag og teknologi;Materialteknologi;906,774300138
2017;Ja;Realfag og teknologi;Matematikk;1098,037638963
2017;Ja;Realfag og teknologi;Maskinteknikk;275,682394235
2017;Ja;Realfag og teknologi;Marin og maritim teknologi;302,552875513
2017;Ja;Realfag og teknologi;Kjemisk teknologi;242,316021957
2017;Ja;Realfag og teknologi;Kjemi;919,646983132
2017;Ja;Realfag og teknologi;Informatikk og datateknikk;1469,745331822
2017;Ja;Realfag og teknologi;Industriell økonomi;27,045967584
2017;Ja;Realfag og teknologi;Geofag;5012,810295403
2017;Ja;Realfag og teknologi;Generell teknologi;182,015852201
2017;Ja;Realfag og teknologi;Fysikk;3070,991495784
2017;Ja;Realfag og teknologi;Energi;899,298265244
2017;Ja;Realfag og teknologi;Elkraft og elektrotekniske fag;205,839629503
2017;Ja;Realfag og teknologi;Elektronikk og kybernetikk;690,177539006
2017;Ja;Realfag og teknologi;Bygg og konstruksjonsteknikk;438,153593709
2017;Ja;Realfag og teknologi;Bioteknologi;189,556422518
2017;Ja;Realfag og teknologi;Biologi;4407,647781364
2017;Ja;Realfag og teknologi;Anvendt geologi og petroleumsfag;240,373949550
2017;Ja;Samfunnsvitenskap;Økonomisk-administrative fag;1021,181340725
2017;Ja;Samfunnsvitenskap;Utviklingsstudier;187,095482294
2017;Ja;Samfunnsvitenskap;Tverrfaglig samfunnsforskning;435,123545752
2017;Ja;Samfunnsvitenskap;Statsvitenskap;563,839791434
2017;Ja;Samfunnsvitenskap;Sosiologi;151,245981289
2017;Ja;Samfunnsvitenskap;Sosialforskning;348,817187794
2017;Ja;Samfunnsvitenskap;Sosialantropologi;58,576169549
2017;Ja;Samfunnsvitenskap;Samfunnsøkonomi;695,634224858
2017;Ja;Samfunnsvitenskap;Rettsvitenskap;195,122740481
2017;Ja;Samfunnsvitenskap;Pedagogikk og utdanning;659,355576735
2017;Ja;Samfunnsvitenskap;Kjønnsforskning;47,963716474
2017;Ja;Samfunnsvitenskap;Geografi;342,636314943
2017;Ja;Samfunnsvitenskap;Biblioteks- og informasjonsvitenskap;155,025142803
2017;Nei;Humaniora;Tysk og nederlandsk;12,814213562
2017;Nei;Humaniora;Tverrfaglig humanistisk forskning;208,811509065
2017;Nei;Humaniora;Teologi og religionsvitenskap;518,957818950
2017;Nei;Humaniora;Teatervitenskap og drama;43,616112851
2017;Nei;Humaniora;Slavisk-baltisk;27,346803743
2017;Nei;Humaniora;Romansk;31,6
2017;Nei;Humaniora;Nordisk;175,436205037
2017;Nei;Humaniora;Musikkvitenskap;167,087894930
2017;Nei;Humaniora;Medier og kommunikasjon;221,520759597
2017;Nei;Humaniora;Litteraturvitenskap;275,534258080
2017;Nei;Humaniora;Lingvistikk;257,678097769
2017;Nei;Humaniora;Kunsthistorie;67,242640687
2017;Nei;Humaniora;Kulturvitenskap;89,748933569
2017;Nei;Humaniora;Historie;421,177678184
2017;Nei;Humaniora;Gresk og latin;32,424181237
2017;Nei;Humaniora;Filosofi og idéhistorie;244,074752183
2017;Nei;Humaniora;Engelsk;24,8
2017;Nei;Humaniora;Dans;6,414213562
2017;Nei;Humaniora;Asiatiske og afrikanske studier;85,183200475
2017;Nei;Humaniora;Arkitektur og design;140,276486234
2017;Nei;Humaniora;Arkeologi og konservering;199,107361401
2017;Nei;Medisin og helsefag;Øyesykdommer;26,326679385
2017;Nei;Medisin og helsefag;Øre-nese-hals;29,881667302
2017;Nei;Medisin og helsefag;Veterinærmedisin;142,269365863
2017;Nei;Medisin og helsefag;Sykepleie;421,188220008
2017;Nei;Medisin og helsefag;Samfunnsmedisin;746,353218715
2017;Nei;Medisin og helsefag;Revmatologi;123,456754811
2017;Nei;Medisin og helsefag;Radiologi og billeddiagnostikk;90,453991291
2017;Nei;Medisin og helsefag;Psykologi;599,925062952
2017;Nei;Medisin og helsefag;Psykiatri;280,031131098
2017;Nei;Medisin og helsefag;Pediatri;73,181517276
2017;Nei;Medisin og helsefag;Onkologi;206,463415361
2017;Nei;Medisin og helsefag;Odontologi;88,278837095
2017;Nei;Medisin og helsefag;Nevrologi;330,764992554
2017;Nei;Medisin og helsefag;Nefrologi;17,991039605
2017;Nei;Medisin og helsefag;Kirurgiske fag;188,052170106
2017;Nei;Medisin og helsefag;Infeksjoner;57,992909200
2017;Nei;Medisin og helsefag;Idrettsforskning;197,788278728
2017;Nei;Medisin og helsefag;Hjerte, kar og luftveier;190,817840319
2017;Nei;Medisin og helsefag;Hematologi;12,601463375
2017;Nei;Medisin og helsefag;Gynekologi og obstetrikk;102,999741626
2017;Nei;Medisin og helsefag;Geriatri;39,435777589
2017;Nei;Medisin og helsefag;Generell medisin;297,673817114
2017;Nei;Medisin og helsefag;Gastroenterologi og hepatologi;76,857125414
2017;Nei;Medisin og helsefag;Farmasi, farmakologi og toksikologi;314,964774832
2017;Nei;Medisin og helsefag;Ernæring;47,485964581
2017;Nei;Medisin og helsefag;Endokrinologi;81,221475198
2017;Nei;Medisin og helsefag;Dermatologi og venerologi;13,866644551
2017;Nei;Medisin og helsefag;Biomedisin;478,042253453
2017;Nei;Medisin og helsefag;Anestesi, intensiv, akutt;72,396777065
2017;Nei;Realfag og teknologi;Tverrfaglig teknologi;233,649457638
2017;Nei;Realfag og teknologi;Tverrfaglig naturvitenskap og medisin;386,060768773
2017;Nei;Realfag og teknologi;Miljøteknologi og industriell økologi;142,377459476
2017;Nei;Realfag og teknologi;Materialteknologi;268,047747650
2017;Nei;Realfag og teknologi;Matematikk;282,177793684
2017;Nei;Realfag og teknologi;Maskinteknikk;96,431346588
2017;Nei;Realfag og teknologi;Marin og maritim teknologi;373,653472106
2017;Nei;Realfag og teknologi;Kjemisk teknologi;160,649816155
2017;Nei;Realfag og teknologi;Kjemi;214,395844692
2017;Nei;Realfag og teknologi;Informatikk og datateknikk;674,543829335
2017;Nei;Realfag og teknologi;Industriell økonomi;24,057750548
2017;Nei;Realfag og teknologi;Geofag;655,896480191
2017;Nei;Realfag og teknologi;Generell teknologi;147,018497991
2017;Nei;Realfag og teknologi;Fysikk;203,686269041
2017;Nei;Realfag og teknologi;Energi;421,087090835
2017;Nei;Realfag og teknologi;Elkraft og elektrotekniske fag;89,027014571
2017;Nei;Realfag og teknologi;Elektronikk og kybernetikk;330,164855380
2017;Nei;Realfag og teknologi;Bygg og konstruksjonsteknikk;296,304652658
2017;Nei;Realfag og teknologi;Bioteknologi;80,005956020
2017;Nei;Realfag og teknologi;Biologi;777,792653768
2017;Nei;Realfag og teknologi;Anvendt geologi og petroleumsfag;157,850736211
2017;Nei;Samfunnsvitenskap;Økonomisk-administrative fag;624,990743744
2017;Nei;Samfunnsvitenskap;Utviklingsstudier;109,130401950
2017;Nei;Samfunnsvitenskap;Tverrfaglig samfunnsforskning;687,710413543
2017;Nei;Samfunnsvitenskap;Statsvitenskap;505,901031326
2017;Nei;Samfunnsvitenskap;Sosiologi;357,536727830
2017;Nei;Samfunnsvitenskap;Sosialforskning;272,587051452
2017;Nei;Samfunnsvitenskap;Sosialantropologi;201,627870728
2017;Nei;Samfunnsvitenskap;Samfunnsøkonomi;250,926051311
2017;Nei;Samfunnsvitenskap;Rettsvitenskap;489,252831399
2017;Nei;Samfunnsvitenskap;Pedagogikk og utdanning;1209,883012695
2017;Nei;Samfunnsvitenskap;Kjønnsforskning;66,794975376
2017;Nei;Samfunnsvitenskap;Geografi;210,149606723
2017;Nei;Samfunnsvitenskap;Biblioteks- og informasjonsvitenskap;139,798313317
2018;Ja;Humaniora;Tysk og nederlandsk;2,566325214
2018;Ja;Humaniora;Tverrfaglig humanistisk forskning;60,203841263
2018;Ja;Humaniora;Teologi og religionsvitenskap;131,454979417
2018;Ja;Humaniora;Teatervitenskap og drama;4,064239689
2018;Ja;Humaniora;Slavisk-baltisk;11,332196793
2018;Ja;Humaniora;Romansk;7,353910524
2018;Ja;Humaniora;Nordisk;23,410359829
2018;Ja;Humaniora;Musikkvitenskap;75,641433161
2018;Ja;Humaniora;Medier og kommunikasjon;180,589368064
2018;Ja;Humaniora;Litteraturvitenskap;29,941018136
2018;Ja;Humaniora;Lingvistikk;246,118370416
2018;Ja;Humaniora;Kulturvitenskap;24,313397623
2018;Ja;Humaniora;Historie;111,914151401
2018;Ja;Humaniora;Gresk og latin;9,165911429
2018;Ja;Humaniora;Filosofi og idéhistorie;197,945210362
2018;Ja;Humaniora;Engelsk;24,487956787
2018;Ja;Humaniora;Dans;2,219238816
2018;Ja;Humaniora;Asiatiske og afrikanske studier;32,189312417
2018;Ja;Humaniora;Arkitektur og design;87,902543538
2018;Ja;Humaniora;Arkeologi og konservering;271,752837886
2018;Ja;Medisin og helsefag;Øyesykdommer;162,106851798
2018;Ja;Medisin og helsefag;Øre-nese-hals;88,737513054
2018;Ja;Medisin og helsefag;Veterinærmedisin;296,271856957
2018;Ja;Medisin og helsefag;Sykepleie;565,546198954
2018;Ja;Medisin og helsefag;Samfunnsmedisin;2386,597991181
2018;Ja;Medisin og helsefag;Revmatologi;602,142417223
2018;Ja;Medisin og helsefag;Radiologi og billeddiagnostikk;269,156686130
2018;Ja;Medisin og helsefag;Psykologi;1405,766129854
2018;Ja;Medisin og helsefag;Psykiatri;1005,049785993
2018;Ja;Medisin og helsefag;Pediatri;434,023336709
2018;Ja;Medisin og helsefag;Onkologi;1601,813978050
2018;Ja;Medisin og helsefag;Odontologi;226,560926558
2018;Ja;Medisin og helsefag;Nevrologi;1342,225556556
2018;Ja;Medisin og helsefag;Nefrologi;72,601726459
2018;Ja;Medisin og helsefag;Kirurgiske fag;774,221301029
2018;Ja;Medisin og helsefag;Infeksjoner;237,894089282
2018;Ja;Medisin og helsefag;Idrettsforskning;675,642682779
2018;Ja;Medisin og helsefag;Hjerte, kar og luftveier;1762,058880212
2018;Ja;Medisin og helsefag;Hematologi;268,549607146
2018;Ja;Medisin og helsefag;Gynekologi og obstetrikk;560,360255299
2018;Ja;Medisin og helsefag;Geriatri;131,852896697
2018;Ja;Medisin og helsefag;Generell medisin;970,447808352
2018;Ja;Medisin og helsefag;Gastroenterologi og hepatologi;525,452484627
2018;Ja;Medisin og helsefag;Farmasi, farmakologi og toksikologi;734,393166655
2018;Ja;Medisin og helsefag;Ernæring;293,292419081
2018;Ja;Medisin og helsefag;Endokrinologi;454,053673442
2018;Ja;Medisin og helsefag;Dermatologi og venerologi;137,694260386
2018;Ja;Medisin og helsefag;Biomedisin;2651,872566612
2018;Ja;Medisin og helsefag;Anestesi, intensiv, akutt;188,574423003
2018;Ja;Realfag og teknologi;Tverrfaglig teknologi;372,048873386
2018;Ja;Realfag og teknologi;Tverrfaglig naturvitenskap og medisin;2977,598530777
2018;Ja;Realfag og teknologi;Miljøteknologi og industriell økologi;752,251777676
2018;Ja;Realfag og teknologi;Materialteknologi;996,249370331
2018;Ja;Realfag og teknologi;Matematikk;1193,197315140
2018;Ja;Realfag og teknologi;Maskinteknikk;439,214726695
2018;Ja;Realfag og teknologi;Marin og maritim teknologi;324,418130484
2018;Ja;Realfag og teknologi;Kjemisk teknologi;464,110271014
2018;Ja;Realfag og teknologi;Kjemi;967,549198786
2018;Ja;Realfag og teknologi;Informatikk og datateknikk;1782,462591096
2018;Ja;Realfag og teknologi;Industriell økonomi;60,599827307
2018;Ja;Realfag og teknologi;Geofag;5730,841354369
2018;Ja;Realfag og teknologi;Generell teknologi;350,611508238
2018;Ja;Realfag og teknologi;Fysikk;3582,626343126
2018;Ja;Realfag og teknologi;Energi;783,482757154
2018;Ja;Realfag og teknologi;Elkraft og elektrotekniske fag;265,540255366
2018;Ja;Realfag og teknologi;Elektronikk og kybernetikk;606,484770593
2018;Ja;Realfag og teknologi;Bygg og konstruksjonsteknikk;504,628920073
2018;Ja;Realfag og teknologi;Bioteknologi;261,641227710
2018;Ja;Realfag og teknologi;Biologi;4791,263699229
2018;Ja;Realfag og teknologi;Anvendt geologi og petroleumsfag;242,151037417
2018;Ja;Samfunnsvitenskap;Økonomisk-administrative fag;1222,893738157
2018;Ja;Samfunnsvitenskap;Utviklingsstudier;152,796580977
2018;Ja;Samfunnsvitenskap;Tverrfaglig samfunnsforskning;543,045272166
2018;Ja;Samfunnsvitenskap;Statsvitenskap;636,239840552
2018;Ja;Samfunnsvitenskap;Sosiologi;269,829426456
2018;Ja;Samfunnsvitenskap;Sosialforskning;392,454690936
2018;Ja;Samfunnsvitenskap;Sosialantropologi;93,709229420
2018;Ja;Samfunnsvitenskap;Samfunnsøkonomi;711,122140108
2018;Ja;Samfunnsvitenskap;Rettsvitenskap;204,302589606
2018;Ja;Samfunnsvitenskap;Pedagogikk og utdanning;729,429354214
2018;Ja;Samfunnsvitenskap;Kjønnsforskning;31,258118796
2018;Ja;Samfunnsvitenskap;Geografi;477,885184820
2018;Ja;Samfunnsvitenskap;Biblioteks- og informasjonsvitenskap;191,512086610
2018;Nei;Humaniora;Tysk og nederlandsk;12,7
2018;Nei;Humaniora;Tverrfaglig humanistisk forskning;205,574007383
2018;Nei;Humaniora;Teologi og religionsvitenskap;557,121373421
2018;Nei;Humaniora;Teatervitenskap og drama;27,763695331
2018;Nei;Humaniora;Slavisk-baltisk;30,4
2018;Nei;Humaniora;Romansk;49,242640687
2018;Nei;Humaniora;Nordisk;210,454481148
2018;Nei;Humaniora;Musikkvitenskap;126,466369880
2018;Nei;Humaniora;Medier og kommunikasjon;196,164123175
2018;Nei;Humaniora;Litteraturvitenskap;255,359658648
2018;Nei;Humaniora;Lingvistikk;277,593239337
2018;Nei;Humaniora;Kunsthistorie;47,414213562
2018;Nei;Humaniora;Kulturvitenskap;106,971340507
2018;Nei;Humaniora;Historie;462,607772629
2018;Nei;Humaniora;Gresk og latin;41,601907263
2018;Nei;Humaniora;Filosofi og idéhistorie;264,122243231
2018;Nei;Humaniora;Engelsk;49,779898987
2018;Nei;Humaniora;Dans;1,4
2018;Nei;Humaniora;Asiatiske og afrikanske studier;37,708060412
2018;Nei;Humaniora;Arkitektur og design;130,900900141
2018;Nei;Humaniora;Arkeologi og konservering;170,597087680
2018;Nei;Medisin og helsefag;Øyesykdommer;16,403835333
2018;Nei;Medisin og helsefag;Øre-nese-hals;25,027063840
2018;Nei;Medisin og helsefag;Veterinærmedisin;97,746309425
2018;Nei;Medisin og helsefag;Sykepleie;329,906227861
2018;Nei;Medisin og helsefag;Samfunnsmedisin;764,661462761
2018;Nei;Medisin og helsefag;Revmatologi;64,848209059
2018;Nei;Medisin og helsefag;Radiologi og billeddiagnostikk;106,055939107
2018;Nei;Medisin og helsefag;Psykologi;675,215661625
2018;Nei;Medisin og helsefag;Psykiatri;284,562744755
2018;Nei;Medisin og helsefag;Pediatri;75,694111489
2018;Nei;Medisin og helsefag;Onkologi;160,588991250
2018;Nei;Medisin og helsefag;Odontologi;97,757036722
2018;Nei;Medisin og helsefag;Nevrologi;308,391493961
2018;Nei;Medisin og helsefag;Nefrologi;11,558871657
2018;Nei;Medisin og helsefag;Kirurgiske fag;253,239226636
2018;Nei;Medisin og helsefag;Infeksjoner;50,836930682
2018;Nei;Medisin og helsefag;Idrettsforskning;196,265954526
2018;Nei;Medisin og helsefag;Hjerte, kar og luftveier;234,962524531
2018;Nei;Medisin og helsefag;Hematologi;21,097415782
2018;Nei;Medisin og helsefag;Gynekologi og obstetrikk;109,191872215
2018;Nei;Medisin og helsefag;Geriatri;54,846941573
2018;Nei;Medisin og helsefag;Generell medisin;220,226430989
2018;Nei;Medisin og helsefag;Gastroenterologi og hepatologi;79,387617594
2018;Nei;Medisin og helsefag;Farmasi, farmakologi og toksikologi;208,044313296
2018;Nei;Medisin og helsefag;Ernæring;63,114653402
2018;Nei;Medisin og helsefag;Endokrinologi;78,360599268
2018;Nei;Medisin og helsefag;Dermatologi og venerologi;30,878827316
2018;Nei;Medisin og helsefag;Biomedisin;397,788640638
2018;Nei;Medisin og helsefag;Anestesi, intensiv, akutt;45,557864317
2018;Nei;Realfag og teknologi;Tverrfaglig teknologi;277,757706929
2018;Nei;Realfag og teknologi;Tverrfaglig naturvitenskap og medisin;393,499706024
2018;Nei;Realfag og teknologi;Miljøteknologi og industriell økologi;152,243843659
2018;Nei;Realfag og teknologi;Materialteknologi;283,681312106
2018;Nei;Realfag og teknologi;Matematikk;340,097202418
2018;Nei;Realfag og teknologi;Maskinteknikk;123,203788980
2018;Nei;Realfag og teknologi;Marin og maritim teknologi;324,823953897
2018;Nei;Realfag og teknologi;Kjemisk teknologi;171,661745017
2018;Nei;Realfag og teknologi;Kjemi;168,263676186
2018;Nei;Realfag og teknologi;Informatikk og datateknikk;710,174322696
2018;Nei;Realfag og teknologi;Industriell økonomi;13,547746983
2018;Nei;Realfag og teknologi;Geofag;651,397913308
2018;Nei;Realfag og teknologi;Generell teknologi;160,666853428
2018;Nei;Realfag og teknologi;Fysikk;226,926063579
2018;Nei;Realfag og teknologi;Energi;346,116725860
2018;Nei;Realfag og teknologi;Elkraft og elektrotekniske fag;90,863699840
2018;Nei;Realfag og teknologi;Elektronikk og kybernetikk;320,412278890
2018;Nei;Realfag og teknologi;Bygg og konstruksjonsteknikk;238,568917761
2018;Nei;Realfag og teknologi;Bioteknologi;71,172614870
2018;Nei;Realfag og teknologi;Biologi;727,823127291
2018;Nei;Realfag og teknologi;Anvendt geologi og petroleumsfag;160,655664787
2018;Nei;Samfunnsvitenskap;Økonomisk-administrative fag;528,230022667
2018;Nei;Samfunnsvitenskap;Utviklingsstudier;56,986237312
2018;Nei;Samfunnsvitenskap;Tverrfaglig samfunnsforskning;807,442429239
2018;Nei;Samfunnsvitenskap;Statsvitenskap;498,138893385
2018;Nei;Samfunnsvitenskap;Sosiologi;422,517723478
2018;Nei;Samfunnsvitenskap;Sosialforskning;488,954229411
2018;Nei;Samfunnsvitenskap;Sosialantropologi;216,048557771
2018;Nei;Samfunnsvitenskap;Samfunnsøkonomi;286,285293784
2018;Nei;Samfunnsvitenskap;Rettsvitenskap;501,613078564
2018;Nei;Samfunnsvitenskap;Pedagogikk og utdanning;1193,319386955
2018;Nei;Samfunnsvitenskap;Kjønnsforskning;69,593737789
2018;Nei;Samfunnsvitenskap;Geografi;217,146687913
2018;Nei;Samfunnsvitenskap;Biblioteks- og informasjonsvitenskap;114,709018180
2019;Ja;Humaniora;Tysk og nederlandsk;4,470904865
2019;Ja;Humaniora;Tverrfaglig humanistisk forskning;81,715862096
2019;Ja;Humaniora;Teologi og religionsvitenskap;121,983018912
2019;Ja;Humaniora;Teatervitenskap og drama;13,167320653
2019;Ja;Humaniora;Slavisk-baltisk;20,177658819
2019;Ja;Humaniora;Romansk;13,557365385
2019;Ja;Humaniora;Nordisk;13,379405952
2019;Ja;Humaniora;Musikkvitenskap;41,036884729
2019;Ja;Humaniora;Medier og kommunikasjon;220,969307270
2019;Ja;Humaniora;Litteraturvitenskap;15,691568923
2019;Ja;Humaniora;Lingvistikk;319,416716616
2019;Ja;Humaniora;Kunsthistorie;10,841549973
2019;Ja;Humaniora;Kulturvitenskap;16,802423220
2019;Ja;Humaniora;Historie;100,787277472
2019;Ja;Humaniora;Gresk og latin;3,676955262
2019;Ja;Humaniora;Filosofi og idéhistorie;129,033106909
2019;Ja;Humaniora;Engelsk;27,861908653
2019;Ja;Humaniora;Dans;1,838477631
2019;Ja;Humaniora;Asiatiske og afrikanske studier;19,234021184
2019;Ja;Humaniora;Arkitektur og design;75,755155006
2019;Ja;Humaniora;Arkeologi og konservering;196,171408730
2019;Ja;Medisin og helsefag;Øyesykdommer;114,404981442
2019;Ja;Medisin og helsefag;Øre-nese-hals;77,960961961
2019;Ja;Medisin og helsefag;Veterinærmedisin;307,444425892
2019;Ja;Medisin og helsefag;Sykepleie;463,497543078
2019;Ja;Medisin og helsefag;Samfunnsmedisin;2454,737365946
2019;Ja;Medisin og helsefag;Revmatologi;501,382678950
2019;Ja;Medisin og helsefag;Radiologi og billeddiagnostikk;303,901379637
2019;Ja;Medisin og helsefag;Psykologi;1765,592160447
2019;Ja;Medisin og helsefag;Psykiatri;1307,395314340
2019;Ja;Medisin og helsefag;Pediatri;242,341706684
2019;Ja;Medisin og helsefag;Onkologi;2008,550609434
2019;Ja;Medisin og helsefag;Odontologi;329,339095199
2019;Ja;Medisin og helsefag;Nevrologi;1105,326011275
2019;Ja;Medisin og helsefag;Nefrologi;132,035140879
2019;Ja;Medisin og helsefag;Kirurgiske fag;716,592759517
2019;Ja;Medisin og helsefag;Infeksjoner;413,424357854
2019;Ja;Medisin og helsefag;Idrettsforskning;658,553174010
2019;Ja;Medisin og helsefag;Hjerte, kar og luftveier;1697,931049888
2019;Ja;Medisin og helsefag;Hematologi;205,312628004
2019;Ja;Medisin og helsefag;Gynekologi og obstetrikk;593,637033158
2019;Ja;Medisin og helsefag;Geriatri;253,819628908
2019;Ja;Medisin og helsefag;Generell medisin;1251,175877126
2019;Ja;Medisin og helsefag;Gastroenterologi og hepatologi;566,672891540
2019;Ja;Medisin og helsefag;Farmasi, farmakologi og toksikologi;755,823495899
2019;Ja;Medisin og helsefag;Ernæring;183,161216369
2019;Ja;Medisin og helsefag;Endokrinologi;466,992218505
2019;Ja;Medisin og helsefag;Dermatologi og venerologi;163,820307731
2019;Ja;Medisin og helsefag;Biomedisin;2897,075553174
2019;Ja;Medisin og helsefag;Anestesi, intensiv, akutt;373,386889423
2019;Ja;Realfag og teknologi;Tverrfaglig teknologi;618,714165695
2019;Ja;Realfag og teknologi;Tverrfaglig naturvitenskap og medisin;3008,291594175
2019;Ja;Realfag og teknologi;Miljøteknologi og industriell økologi;737,066725752
2019;Ja;Realfag og teknologi;Materialteknologi;1083,602215838
2019;Ja;Realfag og teknologi;Matematikk;1244,317914900
2019;Ja;Realfag og teknologi;Maskinteknikk;370,293624338
2019;Ja;Realfag og teknologi;Marin og maritim teknologi;327,745905463
2019;Ja;Realfag og teknologi;Kjemisk teknologi;387,799072826
2019;Ja;Realfag og teknologi;Kjemi;921,714247284
2019;Ja;Realfag og teknologi;Informatikk og datateknikk;2043,740089443
2019;Ja;Realfag og teknologi;Industriell økonomi;88,021045328
2019;Ja;Realfag og teknologi;Geofag;5825,161292126
2019;Ja;Realfag og teknologi;Generell teknologi;262,311124474
2019;Ja;Realfag og teknologi;Fysikk;4001,576962028
2019;Ja;Realfag og teknologi;Energi;700,390337276
2019;Ja;Realfag og teknologi;Elkraft og elektrotekniske fag;282,568895320
2019;Ja;Realfag og teknologi;Elektronikk og kybernetikk;766,925184945
2019;Ja;Realfag og teknologi;Bygg og konstruksjonsteknikk;597,600477185
2019;Ja;Realfag og teknologi;Bioteknologi;229,428925579
2019;Ja;Realfag og teknologi;Biologi;5467,131872579
2019;Ja;Realfag og teknologi;Anvendt geologi og petroleumsfag;264,441615862
2019;Ja;Samfunnsvitenskap;Økonomisk-administrative fag;1361,672140303
2019;Ja;Samfunnsvitenskap;Utviklingsstudier;143,346026226
2019;Ja;Samfunnsvitenskap;Tverrfaglig samfunnsforskning;689,288692162
2019;Ja;Samfunnsvitenskap;Statsvitenskap;738,636452666
2019;Ja;Samfunnsvitenskap;Sosiologi;273,188680596
2019;Ja;Samfunnsvitenskap;Sosialforskning;407,048154713
2019;Ja;Samfunnsvitenskap;Sosialantropologi;75,100148360
2019;Ja;Samfunnsvitenskap;Samfunnsøkonomi;600,228384979
2019;Ja;Samfunnsvitenskap;Rettsvitenskap;184,052403811
2019;Ja;Samfunnsvitenskap;Pedagogikk og utdanning;864,956153478
2019;Ja;Samfunnsvitenskap;Kjønnsforskning;34,690196713
2019;Ja;Samfunnsvitenskap;Geografi;471,666770437
2019;Ja;Samfunnsvitenskap;Biblioteks- og informasjonsvitenskap;317,559008655
2019;Nei;Humaniora;Tysk og nederlandsk;19,936093315
2019;Nei;Humaniora;Tverrfaglig humanistisk forskning;255,578074456
2019;Nei;Humaniora;Teologi og religionsvitenskap;427,961494159
2019;Nei;Humaniora;Teatervitenskap og drama;54,343229839
2019;Nei;Humaniora;Slavisk-baltisk;28,7
2019;Nei;Humaniora;Romansk;40,856854249
2019;Nei;Humaniora;Nordisk;165,940324957
2019;Nei;Humaniora;Musikkvitenskap;150,060407710
2019;Nei;Humaniora;Medier og kommunikasjon;272,893682912
2019;Nei;Humaniora;Litteraturvitenskap;283,060512242
2019;Nei;Humaniora;Lingvistikk;254,166882414
2019;Nei;Humaniora;Kunsthistorie;72,145906709
2019;Nei;Humaniora;Kulturvitenskap;99,373645994
2019;Nei;Humaniora;Historie;359,919041553
2019;Nei;Humaniora;Gresk og latin;44,814213562
2019;Nei;Humaniora;Filosofi og idéhistorie;304,534692374
2019;Nei;Humaniora;Engelsk;64,589949494
2019;Nei;Humaniora;Dans;6,114213562
2019;Nei;Humaniora;Asiatiske og afrikanske studier;39,8
2019;Nei;Humaniora;Arkitektur og design;86,085046529
2019;Nei;Humaniora;Arkeologi og konservering;139,581535234
2019;Nei;Medisin og helsefag;Øyesykdommer;55,328375915
2019;Nei;Medisin og helsefag;Øre-nese-hals;37,038613410
2019;Nei;Medisin og helsefag;Veterinærmedisin;140,655729514
2019;Nei;Medisin og helsefag;Sykepleie;367,153857521
2019;Nei;Medisin og helsefag;Samfunnsmedisin;830,030074084
2019;Nei;Medisin og helsefag;Revmatologi;89,380743335
2019;Nei;Medisin og helsefag;Radiologi og billeddiagnostikk;126,535068348
2019;Nei;Medisin og helsefag;Psykologi;711,047462763
2019;Nei;Medisin og helsefag;Psykiatri;266,104525955
2019;Nei;Medisin og helsefag;Pediatri;55,144449941
2019;Nei;Medisin og helsefag;Onkologi;195,427868360
2019;Nei;Medisin og helsefag;Odontologi;97,287907856
2019;Nei;Medisin og helsefag;Nevrologi;316,560845896
2019;Nei;Medisin og helsefag;Nefrologi;16,121809034
2019;Nei;Medisin og helsefag;Kirurgiske fag;209,289130957
2019;Nei;Medisin og helsefag;Infeksjoner;27,535252354
2019;Nei;Medisin og helsefag;Idrettsforskning;269,261157904
2019;Nei;Medisin og helsefag;Hjerte, kar og luftveier;266,698396913
2019;Nei;Medisin og helsefag;Hematologi;30,800239995
2019;Nei;Medisin og helsefag;Gynekologi og obstetrikk;79,940062377
2019;Nei;Medisin og helsefag;Geriatri;50,077169929
2019;Nei;Medisin og helsefag;Generell medisin;297,491233414
2019;Nei;Medisin og helsefag;Gastroenterologi og hepatologi;64,725194195
2019;Nei;Medisin og helsefag;Farmasi, farmakologi og toksikologi;198,519627871
2019;Nei;Medisin og helsefag;Ernæring;58,701131523
2019;Nei;Medisin og helsefag;Endokrinologi;99,276991408
2019;Nei;Medisin og helsefag;Dermatologi og venerologi;12,809707037
2019;Nei;Medisin og helsefag;Biomedisin;437,570798685
2019;Nei;Medisin og helsefag;Anestesi, intensiv, akutt;57,812033790
2019;Nei;Realfag og teknologi;Tverrfaglig teknologi;275,240488529
2019;Nei;Realfag og teknologi;Tverrfaglig naturvitenskap og medisin;428,578933243
2019;Nei;Realfag og teknologi;Miljøteknologi og industriell økologi;156,439452603
2019;Nei;Realfag og teknologi;Materialteknologi;326,054455896
2019;Nei;Realfag og teknologi;Matematikk;324,778072295
2019;Nei;Realfag og teknologi;Maskinteknikk;165,554317622
2019;Nei;Realfag og teknologi;Marin og maritim teknologi;326,609723626
2019;Nei;Realfag og teknologi;Kjemisk teknologi;190,001104849
2019;Nei;Realfag og teknologi;Kjemi;150,967557784
2019;Nei;Realfag og teknologi;Informatikk og datateknikk;848,628581652
2019;Nei;Realfag og teknologi;Industriell økonomi;7,750064633
2019;Nei;Realfag og teknologi;Geofag;719,980958195
2019;Nei;Realfag og teknologi;Generell teknologi;158,103060033
2019;Nei;Realfag og teknologi;Fysikk;368,733184313
2019;Nei;Realfag og teknologi;Energi;226,192905388
2019;Nei;Realfag og teknologi;Elkraft og elektrotekniske fag;121,554451208
2019;Nei;Realfag og teknologi;Elektronikk og kybernetikk;266,108507064
2019;Nei;Realfag og teknologi;Bygg og konstruksjonsteknikk;259,269101200
2019;Nei;Realfag og teknologi;Bioteknologi;91,690370275
2019;Nei;Realfag og teknologi;Biologi;737,991537533
2019;Nei;Realfag og teknologi;Anvendt geologi og petroleumsfag;255,676262630
2019;Nei;Samfunnsvitenskap;Økonomisk-administrative fag;535,563063727
2019;Nei;Samfunnsvitenskap;Utviklingsstudier;107,416854221
2019;Nei;Samfunnsvitenskap;Tverrfaglig samfunnsforskning;725,985892367
2019;Nei;Samfunnsvitenskap;Statsvitenskap;541,962918703
2019;Nei;Samfunnsvitenskap;Sosiologi;368,528805766
2019;Nei;Samfunnsvitenskap;Sosialforskning;374,680200744
2019;Nei;Samfunnsvitenskap;Sosialantropologi;231,165112511
2019;Nei;Samfunnsvitenskap;Samfunnsøkonomi;228,040958196
2019;Nei;Samfunnsvitenskap;Rettsvitenskap;603,791140392
2019;Nei;Samfunnsvitenskap;Pedagogikk og utdanning;1263,215690497
2019;Nei;Samfunnsvitenskap;Kjønnsforskning;97,403733500
2019;Nei;Samfunnsvitenskap;Geografi;198,011206359
2019;Nei;Samfunnsvitenskap;Biblioteks- og informasjonsvitenskap;149,404541920
